"First Name [Required]","Last Name [Required]","Email Address [Required]","Password [Required]","Password Hash Function [UPLOAD ONLY]","Org Unit Path [Required]"
Apps,Store,noreply.mailservicestore18971puf@i-forgotappsaccount.business,11111111,,/
Apps,Store,noreply.mailservicestore18971npl@i-forgotappsaccount.business,11111111,,/
Apps,Store,noreply.mailservicestore18971btn@i-forgotappsaccount.business,11111111,,/
Apps,Store,noreply.mailservicestore18971ak9@i-forgotappsaccount.business,11111111,,/
Apps,Store,noreply.mailservicestore18971jsx@i-forgotappsaccount.business,11111111,,/
Apps,Store,noreply.mailservicestore18971yfd@i-forgotappsaccount.business,11111111,,/
Apps,Store,noreply.mailservicestore18971ir1@i-forgotappsaccount.business,11111111,,/
Apps,Store,noreply.mailservicestore18971vxr@i-forgotappsaccount.business,11111111,,/
Apps,Store,noreply.mailservicestore18971nmy@i-forgotappsaccount.business,11111111,,/
